agent_id,x,y,z,timestep
1,6,4,0,0
1,6,4,0,0
1,6,4,0,1
1,6,4,0,2
1,6,4,0,3
1,6,4,0,4
1,6,4,0,5
1,5,4,0,6
1,4,4,0,7
1,3,4,0,8
1,2,4,0,9
1,3,4,0,10
1,4,4,0,11
1,5,4,0,12
1,6,4,0,13
1,7,4,0,14
1,8,4,0,15
1,9,4,0,16
1,9,5,0,17
1,9,6,0,18
1,10,6,0,19
1,11,6,0,20
1,12,6,0,21
1,13,6,0,22
1,14,6,0,23
1,15,6,0,24
1,16,6,0,25
1,17,6,0,26
1,18,6,0,27
1,19,6,0,28
1,19,7,0,29
1,19,8,0,30
1,19,9,0,31
1,19,10,0,32
1,19,11,0,33
1,19,12,0,34
1,19,13,0,35
1,19,14,0,36
1,19,15,0,37
1,19,16,0,38
1,19,17,0,39
1,19,18,0,40
1,19,19,0,41
1,19,20,0,42
1,19,21,0,43
1,19,22,0,44
1,19,23,0,45
1,19,24,0,46
1,19,25,0,47
1,19,26,0,48
1,19,27,0,49
1,20,27,0,50
1,21,27,0,51
1,22,27,0,52
1,23,27,0,53
1,24,27,0,54
1,25,27,0,55
1,26,27,0,56
1,27,27,0,57
1,27,26,0,58
1,27,25,0,59
1,27,26,0,60
1,26,26,0,61
1,25,26,0,62
1,24,26,0,63
1,23,26,0,64
1,22,26,0,65
1,21,26,0,66
1,21,25,0,67
1,20,25,0,68
1,19,25,0,69
1,18,25,0,70
1,18,26,0,71
1,18,25,0,72
1,19,25,0,73
1,20,25,0,74
1,21,25,0,75
1,22,25,0,76
1,23,25,0,77
1,24,25,0,78
1,25,25,0,79
1,26,25,0,80
1,26,26,0,81
1,27,26,0,82
1,27,25,0,83
1,27,26,0,84
1,26,26,0,85
1,25,26,0,86
1,24,26,0,87
1,23,26,0,88
1,22,26,0,89
1,21,26,0,90
1,21,25,0,91
1,20,25,0,92
1,19,25,0,93
1,18,25,0,94
1,17,25,0,95
1,16,25,0,96
1,15,25,0,97
1,15,24,0,98
1,15,23,0,99
1,15,22,0,100
1,15,21,0,101
1,15,20,0,102
1,15,19,0,103
1,15,18,0,104
1,14,18,0,105
1,14,17,0,106
1,14,16,0,107
1,14,15,0,108
1,14,14,0,109
1,14,13,0,110
1,14,12,0,111
1,14,11,0,112
1,13,11,0,113
1,12,11,0,114
1,11,11,0,115
1,10,11,0,116
1,9,11,0,117
1,8,11,0,118
1,7,11,0,119
1,6,11,0,120
1,5,11,0,121
1,4,11,0,122
1,3,11,0,123
1,2,11,0,124
1,2,12,0,125
1,3,12,0,126
1,4,12,0,127
1,5,12,0,128
1,6,12,0,129
1,7,12,0,130
1,8,12,0,131
1,9,12,0,132
1,9,11,0,133
1,10,11,0,134
1,11,11,0,135
1,12,11,0,136
1,13,11,0,137
1,14,11,0,138
1,14,12,0,139
1,14,11,0,140
1,13,11,0,141
1,12,11,0,142
1,11,11,0,143
1,10,11,0,144
1,9,11,0,145
1,8,11,0,146
1,7,11,0,147
1,6,11,0,148
1,5,11,0,149
1,4,11,0,150
1,3,11,0,151
1,2,11,0,152
1,2,12,0,153
1,3,12,0,154
1,4,12,0,155
1,5,12,0,156
1,6,12,0,157
1,7,12,0,158
1,8,12,0,159
1,9,12,0,160
1,9,13,0,161
1,10,13,0,162
1,11,13,0,163
1,12,13,0,164
1,13,13,0,165
1,14,13,0,166
1,15,13,0,167
1,16,13,0,168
1,17,13,0,169
1,18,13,0,170
1,19,13,0,171
1,19,14,0,172
1,19,15,0,173
1,19,16,0,174
1,19,17,0,175
1,19,18,0,176
1,19,19,0,177
1,19,18,0,178
1,18,18,0,179
1,17,18,0,180
1,16,18,0,181
1,15,18,0,182
1,14,18,0,183
1,13,18,0,184
1,12,18,0,185
1,11,18,0,186
1,10,18,0,187
1,9,18,0,188
1,8,18,0,189
1,7,18,0,190
1,6,18,0,191
1,6,17,0,192
1,6,16,0,193
1,6,15,0,194
1,6,14,0,195
1,5,14,0,196
1,4,14,0,197
1,3,14,0,198
1,2,14,0,199
1,2,13,0,200
1,2,13,0,201
1,2,13,0,202
1,2,12,0,203
1,3,12,0,204
1,4,12,0,205
1,5,12,0,206
1,6,12,0,207
1,7,12,0,208
1,7,11,0,209
1,7,10,0,210
1,7,9,0,211
1,7,8,0,212
1,7,7,0,213
1,8,7,0,214
1,9,7,0,215
1,9,6,0,216
1,9,5,0,217
1,9,4,0,218
1,9,3,0,219
1,10,3,0,220
1,11,3,0,221
1,12,3,0,222
1,13,3,0,223
1,14,3,0,224
1,15,3,0,225
1,16,3,0,226
1,17,3,0,227
1,18,3,0,228
1,19,3,0,229
1,19,4,0,230
1,19,3,0,231
1,18,3,0,232
1,17,3,0,233
1,16,3,0,234
1,15,3,0,235
1,14,3,0,236
1,13,3,0,237
1,12,3,0,238
1,11,3,0,239
1,10,3,0,240
1,9,3,0,241
1,8,3,0,242
1,7,3,0,243
1,6,3,0,244
1,5,3,0,245
1,4,3,0,246
1,3,3,0,247
1,2,3,0,248
1,2,4,0,249
1,3,4,0,250
1,4,4,0,251
1,5,4,0,252
1,6,4,0,253
1,7,4,0,254
1,8,4,0,255
1,9,4,0,256
1,9,3,0,257
1,10,3,0,258
1,11,3,0,259
1,12,3,0,260
1,13,3,0,261
1,14,3,0,262
1,15,3,0,263
1,16,3,0,264
1,16,4,0,265
1,16,3,0,266
1,15,3,0,267
1,14,3,0,268
1,14,2,0,269
1,13,2,0,270
1,12,2,0,271
1,11,2,0,272
1,10,2,0,273
1,9,2,0,274
1,8,2,0,275
1,7,2,0,276
1,6,2,0,277
1,5,2,0,278
1,4,2,0,279
1,3,2,0,280
1,2,2,0,281
1,2,3,0,282
1,2,4,0,283
1,3,4,0,284
1,4,4,0,285
1,5,4,0,286
1,6,4,0,287
1,7,4,0,288
1,8,4,0,289
1,9,4,0,290
1,9,5,0,291
1,9,6,0,292
1,10,6,0,293
1,11,6,0,294
1,12,6,0,295
1,12,5,0,296
1,12,6,0,297
1,11,6,0,298
1,10,6,0,299
1,10,7,0,300
1,9,7,0,301
1,8,7,0,302
1,7,7,0,303
1,6,7,0,304
1,6,6,0,305
1,5,6,0,306
1,4,6,0,307
1,3,6,0,308
1,2,6,0,309
1,2,5,0,310
1,2,4,0,311
1,3,4,0,312
1,4,4,0,313
1,5,4,0,314
1,6,4,0,315
1,7,4,0,316
1,8,4,0,317
1,9,4,0,318
1,9,3,0,319
1,10,3,0,320
1,11,3,0,321
1,12,3,0,322
1,13,3,0,323
1,14,3,0,324
1,14,4,0,325
1,14,3,0,326
1,13,3,0,327
1,12,3,0,328
1,11,3,0,329
1,10,3,0,330
1,9,3,0,331
1,8,3,0,332
1,7,3,0,333
1,6,3,0,334
1,5,3,0,335
1,4,3,0,336
1,3,3,0,337
1,3,4,0,338
1,2,4,0,339
1,3,4,0,340
1,4,4,0,341
1,5,4,0,342
1,6,4,0,343
1,7,4,0,344
1,8,4,0,345
1,9,4,0,346
1,9,5,0,347
1,9,6,0,348
1,10,6,0,349
1,11,6,0,350
1,12,6,0,351
1,13,6,0,352
1,14,6,0,353
1,15,6,0,354
1,16,6,0,355
1,17,6,0,356
1,18,6,0,357
1,18,5,0,358
1,18,6,0,359
1,19,6,0,360
1,20,6,0,361
1,21,6,0,362
1,22,6,0,363
1,23,6,0,364
1,24,6,0,365
1,25,6,0,366
1,25,5,0,367
1,25,4,0,368
1,25,3,0,369
1,26,3,0,370
1,27,3,0,371
1,27,4,0,372
1,27,3,0,373
1,26,3,0,374
1,25,3,0,375
1,24,3,0,376
1,23,3,0,377
1,22,3,0,378
1,21,3,0,379
1,20,3,0,380
1,19,3,0,381
1,18,3,0,382
1,17,3,0,383
1,16,3,0,384
1,15,3,0,385
1,14,3,0,386
1,13,3,0,387
1,13,4,0,388
1,13,3,0,389
1,14,3,0,390
1,15,3,0,391
1,16,3,0,392
1,17,3,0,393
1,18,3,0,394
1,19,3,0,395
1,20,3,0,396
1,21,3,0,397
1,22,3,0,398
1,23,3,0,399
1,24,3,0,400
1,25,3,0,401
1,26,3,0,402
1,26,4,0,403
1,25,4,0,404
1,24,4,0,405
1,23,4,0,406
1,22,4,0,407
1,21,4,0,408
1,21,3,0,409
1,20,3,0,410
1,19,3,0,411
1,18,3,0,412
1,17,3,0,413
1,16,3,0,414
1,16,4,0,415
1,16,3,0,416
1,17,3,0,417
1,18,3,0,418
1,19,3,0,419
1,20,3,0,420
1,21,3,0,421
1,22,3,0,422
1,23,3,0,423
1,24,3,0,424
1,25,3,0,425
1,26,3,0,426
1,27,3,0,427
1,27,4,0,428
1,27,3,0,429
1,26,3,0,430
1,26,4,0,431
1,25,4,0,432
1,24,4,0,433
1,23,4,0,434
1,22,4,0,435
1,21,4,0,436
1,21,5,0,437
1,21,6,0,438
1,20,6,0,439
1,19,6,0,440
1,18,6,0,441
1,17,6,0,442
1,17,5,0,443
1,17,6,0,444
1,18,6,0,445
1,18,5,0,446
1,18,6,0,447
1,19,6,0,448
1,20,6,0,449
1,21,6,0,450
1,22,6,0,451
1,23,6,0,452
1,24,6,0,453
1,25,6,0,454
1,25,5,0,455
1,26,5,0,456
1,26,4,0,457
1,26,3,0,458
1,27,3,0,459
1,27,4,0,460
1,27,3,0,461
1,26,3,0,462
1,25,3,0,463
1,24,3,0,464
1,23,3,0,465
1,22,3,0,466
1,21,3,0,467
1,20,3,0,468
1,19,3,0,469
1,18,3,0,470
1,17,3,0,471
1,16,3,0,472
1,16,4,0,473
1,16,3,0,474
1,17,3,0,475
1,18,3,0,476
1,19,3,0,477
1,20,3,0,478
1,21,3,0,479
2,6,12,0,0
2,6,12,0,0
2,6,12,0,1
2,6,12,0,2
2,6,12,0,3
2,6,12,0,4
2,6,12,0,5
2,5,12,0,6
2,4,12,0,7
2,3,12,0,8
2,2,12,0,9
2,3,12,0,10
2,4,12,0,11
2,5,12,0,12
2,6,12,0,13
2,7,12,0,14
2,7,11,0,15
2,7,10,0,16
2,7,9,0,17
2,7,8,0,18
2,7,7,0,19
2,8,7,0,20
2,9,7,0,21
2,9,6,0,22
2,9,5,0,23
2,9,4,0,24
2,9,3,0,25
2,10,3,0,26
2,11,3,0,27
2,12,3,0,28
2,13,3,0,29
2,14,3,0,30
2,15,3,0,31
2,16,3,0,32
2,16,4,0,33
2,16,3,0,34
2,17,3,0,35
2,18,3,0,36
2,19,3,0,37
2,20,3,0,38
2,21,3,0,39
2,22,3,0,40
2,23,3,0,41
2,24,3,0,42
2,25,3,0,43
2,26,3,0,44
2,27,3,0,45
2,27,4,0,46
2,27,3,0,47
2,26,3,0,48
2,25,3,0,49
2,24,3,0,50
2,23,3,0,51
2,22,3,0,52
2,21,3,0,53
2,21,4,0,54
2,21,5,0,55
2,21,6,0,56
2,20,6,0,57
2,19,6,0,58
2,19,5,0,59
2,19,6,0,60
2,20,6,0,61
2,21,6,0,62
2,22,6,0,63
2,23,6,0,64
2,24,6,0,65
2,25,6,0,66
2,25,5,0,67
2,26,5,0,68
2,26,4,0,69
2,26,3,0,70
2,27,3,0,71
2,27,4,0,72
2,27,3,0,73
2,26,3,0,74
2,25,3,0,75
2,24,3,0,76
2,23,3,0,77
2,22,3,0,78
2,21,3,0,79
2,21,4,0,80
2,21,5,0,81
2,21,6,0,82
2,20,6,0,83
2,19,6,0,84
2,18,6,0,85
2,17,6,0,86
2,17,5,0,87
2,17,6,0,88
2,16,6,0,89
2,15,6,0,90
2,14,6,0,91
2,13,6,0,92
2,12,6,0,93
2,11,6,0,94
2,10,6,0,95
2,9,6,0,96
2,8,6,0,97
2,7,6,0,98
2,6,6,0,99
2,6,7,0,100
2,6,8,0,101
2,6,9,0,102
2,5,9,0,103
2,4,9,0,104
2,3,9,0,105
2,2,9,0,106
2,2,10,0,107
2,2,11,0,108
2,2,12,0,109
2,3,12,0,110
2,4,12,0,111
2,5,12,0,112
2,6,12,0,113
2,7,12,0,114
2,7,11,0,115
2,7,10,0,116
2,7,9,0,117
2,7,8,0,118
2,7,7,0,119
2,8,7,0,120
2,9,7,0,121
2,9,6,0,122
2,9,5,0,123
2,9,4,0,124
2,9,3,0,125
2,10,3,0,126
2,11,3,0,127
2,11,4,0,128
2,11,3,0,129
2,10,3,0,130
2,9,3,0,131
2,8,3,0,132
2,7,3,0,133
2,6,3,0,134
2,5,3,0,135
2,4,3,0,136
2,3,3,0,137
2,2,3,0,138
2,2,4,0,139
2,3,4,0,140
2,4,4,0,141
2,5,4,0,142
2,6,4,0,143
2,7,4,0,144
2,8,4,0,145
2,9,4,0,146
2,9,3,0,147
2,10,3,0,148
2,11,3,0,149
2,11,4,0,150
2,11,3,0,151
2,10,3,0,152
2,9,3,0,153
2,8,3,0,154
2,7,3,0,155
2,6,3,0,156
2,5,3,0,157
2,4,3,0,158
2,3,3,0,159
2,2,3,0,160
2,2,4,0,161
2,3,4,0,162
2,4,4,0,163
2,5,4,0,164
2,6,4,0,165
2,7,4,0,166
2,8,4,0,167
2,9,4,0,168
2,9,3,0,169
2,10,3,0,170
2,11,3,0,171
2,12,3,0,172
2,13,3,0,173
2,14,3,0,174
2,15,3,0,175
2,16,3,0,176
2,17,3,0,177
2,17,4,0,178
2,17,3,0,179
2,18,3,0,180
2,19,3,0,181
2,20,3,0,182
2,21,3,0,183
2,22,3,0,184
2,23,3,0,185
2,24,3,0,186
2,25,3,0,187
2,26,3,0,188
2,27,3,0,189
2,27,4,0,190
2,27,3,0,191
2,26,3,0,192
2,25,3,0,193
2,24,3,0,194
2,23,3,0,195
2,22,3,0,196
2,21,3,0,197
2,20,3,0,198
2,19,3,0,199
2,18,3,0,200
2,17,3,0,201
2,16,3,0,202
2,15,3,0,203
2,14,3,0,204
2,14,4,0,205
2,14,3,0,206
2,15,3,0,207
2,16,3,0,208
2,17,3,0,209
2,18,3,0,210
2,19,3,0,211
2,20,3,0,212
2,21,3,0,213
2,22,3,0,214
2,23,3,0,215
2,24,3,0,216
2,25,3,0,217
2,26,3,0,218
2,27,3,0,219
2,27,4,0,220
2,27,3,0,221
2,26,3,0,222
2,25,3,0,223
2,24,3,0,224
2,23,3,0,225
2,22,3,0,226
2,21,3,0,227
2,21,4,0,228
2,21,5,0,229
2,21,6,0,230
2,20,6,0,231
2,19,6,0,232
2,18,6,0,233
2,17,6,0,234
2,16,6,0,235
2,16,5,0,236
2,16,6,0,237
2,17,6,0,238
2,18,6,0,239
2,19,6,0,240
2,20,6,0,241
2,21,6,0,242
2,22,6,0,243
2,23,6,0,244
2,24,6,0,245
2,25,6,0,246
2,25,5,0,247
2,26,5,0,248
2,26,4,0,249
2,25,4,0,250
2,24,4,0,251
2,23,4,0,252
2,22,4,0,253
2,21,4,0,254
2,21,5,0,255
2,21,6,0,256
2,20,6,0,257
2,19,6,0,258
2,18,6,0,259
2,17,6,0,260
2,17,5,0,261
2,17,6,0,262
2,18,6,0,263
2,19,6,0,264
2,20,6,0,265
2,21,6,0,266
2,22,6,0,267
2,23,6,0,268
2,24,6,0,269
2,25,6,0,270
2,25,5,0,271
2,26,5,0,272
2,26,4,0,273
2,25,4,0,274
2,24,4,0,275
2,23,4,0,276
2,22,4,0,277
2,21,4,0,278
2,21,3,0,279
2,20,3,0,280
2,19,3,0,281
2,18,3,0,282
2,17,3,0,283
2,16,3,0,284
2,15,3,0,285
2,15,4,0,286
2,15,3,0,287
2,16,3,0,288
2,17,3,0,289
2,18,3,0,290
2,19,3,0,291
2,20,3,0,292
2,21,3,0,293
2,22,3,0,294
2,23,3,0,295
2,24,3,0,296
2,25,3,0,297
2,26,3,0,298
2,27,3,0,299
2,27,4,0,300
2,27,3,0,301
2,26,3,0,302
2,25,3,0,303
2,24,3,0,304
2,23,3,0,305
2,22,3,0,306
2,21,3,0,307
2,20,3,0,308
2,19,3,0,309
2,18,3,0,310
2,17,3,0,311
2,16,3,0,312
2,15,3,0,313
2,14,3,0,314
2,13,3,0,315
2,13,4,0,316
2,13,3,0,317
2,12,3,0,318
2,11,3,0,319
2,11,2,0,320
2,10,2,0,321
2,9,2,0,322
2,8,2,0,323
2,7,2,0,324
2,6,2,0,325
2,5,2,0,326
2,4,2,0,327
2,3,2,0,328
2,2,2,0,329
2,2,3,0,330
2,2,4,0,331
2,3,4,0,332
2,4,4,0,333
2,5,4,0,334
2,6,4,0,335
2,7,4,0,336
2,8,4,0,337
2,9,4,0,338
2,9,5,0,339
2,9,6,0,340
2,10,6,0,341
2,11,6,0,342
2,12,6,0,343
2,13,6,0,344
2,14,6,0,345
2,15,6,0,346
2,16,6,0,347
2,17,6,0,348
2,18,6,0,349
2,18,5,0,350
2,18,6,0,351
2,19,6,0,352
2,20,6,0,353
2,21,6,0,354
2,22,6,0,355
2,23,6,0,356
2,24,6,0,357
2,25,6,0,358
2,25,5,0,359
2,26,5,0,360
2,26,5,0,361
2,26,4,0,362
2,25,4,0,363
2,24,4,0,364
2,23,4,0,365
2,22,4,0,366
2,21,4,0,367
2,21,5,0,368
2,21,6,0,369
2,20,6,0,370
2,19,6,0,371
2,18,6,0,372
2,17,6,0,373
2,16,6,0,374
2,15,6,0,375
2,15,7,0,376
2,15,8,0,377
2,15,9,0,378
2,15,10,0,379
2,15,11,0,380
2,15,12,0,381
2,15,11,0,382
2,14,11,0,383
2,13,11,0,384
2,12,11,0,385
2,11,11,0,386
2,10,11,0,387
2,9,11,0,388
2,8,11,0,389
2,7,11,0,390
2,6,11,0,391
2,5,11,0,392
2,4,11,0,393
2,3,11,0,394
2,2,11,0,395
2,2,12,0,396
2,3,12,0,397
2,4,12,0,398
2,5,12,0,399
2,6,12,0,400
2,7,12,0,401
2,7,11,0,402
2,7,10,0,403
2,7,9,0,404
2,7,8,0,405
2,7,7,0,406
2,8,7,0,407
2,9,7,0,408
2,9,6,0,409
2,9,5,0,410
2,9,4,0,411
2,9,3,0,412
2,10,3,0,413
2,11,3,0,414
2,12,3,0,415
2,13,3,0,416
2,14,3,0,417
2,15,3,0,418
2,16,3,0,419
2,17,3,0,420
2,18,3,0,421
2,19,3,0,422
2,19,4,0,423
2,19,3,0,424
2,20,3,0,425
2,21,3,0,426
2,22,3,0,427
2,23,3,0,428
2,24,3,0,429
2,25,3,0,430
2,26,3,0,431
2,27,3,0,432
2,27,4,0,433
2,27,3,0,434
2,26,3,0,435
2,25,3,0,436
2,24,3,0,437
2,23,3,0,438
2,22,3,0,439
2,21,3,0,440
2,21,4,0,441
2,21,5,0,442
2,21,6,0,443
2,20,6,0,444
2,19,6,0,445
2,18,6,0,446
2,17,6,0,447
2,17,5,0,448
2,17,6,0,449
2,18,6,0,450
2,19,6,0,451
2,20,6,0,452
2,21,6,0,453
2,22,6,0,454
2,23,6,0,455
2,24,6,0,456
2,25,6,0,457
2,25,5,0,458
2,26,5,0,459
2,26,4,0,460
2,25,4,0,461
2,24,4,0,462
2,23,4,0,463
2,22,4,0,464
2,21,4,0,465
2,21,3,0,466
2,20,3,0,467
2,19,3,0,468
2,18,3,0,469
2,17,3,0,470
2,16,3,0,471
2,15,3,0,472
2,14,3,0,473
2,13,3,0,474
2,13,4,0,475
2,13,3,0,476
2,14,3,0,477
2,15,3,0,478
2,16,3,0,479
3,6,20,0,0
3,6,20,0,0
3,6,20,0,1
3,6,20,0,2
3,6,20,0,3
3,6,20,0,4
3,6,20,0,5
3,6,21,0,6
3,6,22,0,7
3,6,23,0,8
3,6,24,0,9
3,6,25,0,10
3,5,25,0,11
3,4,25,0,12
3,3,25,0,13
3,2,25,0,14
3,2,26,0,15
3,3,26,0,16
3,4,26,0,17
3,5,26,0,18
3,6,26,0,19
3,7,26,0,20
3,8,26,0,21
3,9,26,0,22
3,9,25,0,23
3,10,25,0,24
3,11,25,0,25
3,12,25,0,26
3,13,25,0,27
3,14,25,0,28
3,15,25,0,29
3,15,26,0,30
3,15,25,0,31
3,16,25,0,32
3,16,24,0,33
3,17,24,0,34
3,18,24,0,35
3,19,24,0,36
3,20,24,0,37
3,21,24,0,38
3,22,24,0,39
3,23,24,0,40
3,24,24,0,41
3,25,24,0,42
3,25,25,0,43
3,26,25,0,44
3,25,25,0,45
3,24,25,0,46
3,23,25,0,47
3,22,25,0,48
3,21,25,0,49
3,20,25,0,50
3,19,25,0,51
3,19,26,0,52
3,19,25,0,53
3,20,25,0,54
3,21,25,0,55
3,22,25,0,56
3,23,25,0,57
3,24,25,0,58
3,25,25,0,59
3,26,25,0,60
3,25,25,0,61
3,24,25,0,62
3,23,25,0,63
3,22,25,0,64
3,21,25,0,65
3,20,25,0,66
3,19,25,0,67
3,18,25,0,68
3,17,25,0,69
3,17,24,0,70
3,17,23,0,71
3,17,22,0,72
3,17,21,0,73
3,17,20,0,74
3,17,19,0,75
3,17,20,0,76
3,16,20,0,77
3,15,20,0,78
3,14,20,0,79
3,13,20,0,80
3,12,20,0,81
3,11,20,0,82
3,10,20,0,83
3,9,20,0,84
3,8,20,0,85
3,7,20,0,86
3,6,20,0,87
3,5,20,0,88
3,4,20,0,89
3,3,20,0,90
3,2,20,0,91
3,3,20,0,92
3,4,20,0,93
3,5,20,0,94
3,6,20,0,95
3,7,20,0,96
3,8,20,0,97
3,9,20,0,98
3,10,20,0,99
3,11,20,0,100
3,12,20,0,101
3,13,20,0,102
3,14,20,0,103
3,14,21,0,104
3,15,21,0,105
3,16,21,0,106
3,17,21,0,107
3,18,21,0,108
3,19,21,0,109
3,19,22,0,110
3,19,23,0,111
3,19,24,0,112
3,19,25,0,113
3,19,26,0,114
3,19,25,0,115
3,20,25,0,116
3,21,25,0,117
3,22,25,0,118
3,23,25,0,119
3,24,25,0,120
3,25,25,0,121
3,26,25,0,122
3,25,25,0,123
3,24,25,0,124
3,23,25,0,125
3,22,25,0,126
3,21,25,0,127
3,20,25,0,128
3,19,25,0,129
3,19,24,0,130
3,19,23,0,131
3,19,22,0,132
3,19,21,0,133
3,19,20,0,134
3,19,19,0,135
3,19,20,0,136
3,20,20,0,137
3,21,20,0,138
3,22,20,0,139
3,23,20,0,140
3,24,20,0,141
3,25,20,0,142
3,25,21,0,143
3,25,22,0,144
3,25,23,0,145
3,25,24,0,146
3,25,25,0,147
3,26,25,0,148
3,26,26,0,149
3,27,26,0,150
3,27,25,0,151
3,27,26,0,152
3,26,26,0,153
3,25,26,0,154
3,24,26,0,155
3,23,26,0,156
3,22,26,0,157
3,21,26,0,158
3,21,25,0,159
3,20,25,0,160
3,19,25,0,161
3,18,25,0,162
3,18,26,0,163
3,18,25,0,164
3,19,25,0,165
3,20,25,0,166
3,21,25,0,167
3,22,25,0,168
3,23,25,0,169
3,24,25,0,170
3,24,25,0,171
3,25,25,0,172
3,26,25,0,173
3,25,25,0,174
3,24,25,0,175
3,23,25,0,176
3,22,25,0,177
3,21,25,0,178
3,20,25,0,179
3,19,25,0,180
3,18,25,0,181
3,17,25,0,182
3,16,25,0,183
3,15,25,0,184
3,14,25,0,185
3,13,25,0,186
3,12,25,0,187
3,12,26,0,188
3,12,25,0,189
3,11,25,0,190
3,10,25,0,191
3,9,25,0,192
3,8,25,0,193
3,7,25,0,194
3,6,25,0,195
3,5,25,0,196
3,4,25,0,197
3,3,25,0,198
3,2,25,0,199
3,2,26,0,200
3,3,26,0,201
3,4,26,0,202
3,5,26,0,203
3,6,26,0,204
3,7,26,0,205
3,8,26,0,206
3,9,26,0,207
3,9,25,0,208
3,10,25,0,209
3,11,25,0,210
3,12,25,0,211
3,12,26,0,212
3,12,25,0,213
3,11,25,0,214
3,10,25,0,215
3,9,25,0,216
3,8,25,0,217
3,7,25,0,218
3,6,25,0,219
3,6,24,0,220
3,6,23,0,221
3,6,22,0,222
3,5,22,0,223
3,4,22,0,224
3,3,22,0,225
3,2,22,0,226
3,2,21,0,227
3,2,20,0,228
3,3,20,0,229
3,4,20,0,230
3,5,20,0,231
3,6,20,0,232
3,7,20,0,233
3,8,20,0,234
3,9,20,0,235
3,10,20,0,236
3,11,20,0,237
3,12,20,0,238
3,13,20,0,239
3,14,20,0,240
3,15,20,0,241
3,15,19,0,242
3,15,20,0,243
3,14,20,0,244
3,13,20,0,245
3,12,20,0,246
3,11,20,0,247
3,10,20,0,248
3,9,20,0,249
3,8,20,0,250
3,7,20,0,251
3,6,20,0,252
3,5,20,0,253
3,4,20,0,254
3,3,20,0,255
3,2,20,0,256
3,3,20,0,257
3,4,20,0,258
3,5,20,0,259
3,6,20,0,260
3,7,20,0,261
3,8,20,0,262
3,9,20,0,263
3,10,20,0,264
3,11,20,0,265
3,12,20,0,266
3,13,20,0,267
3,14,20,0,268
3,15,20,0,269
3,16,20,0,270
3,17,20,0,271
3,18,20,0,272
3,19,20,0,273
3,19,19,0,274
3,19,20,0,275
3,20,20,0,276
3,21,20,0,277
3,22,20,0,278
3,23,20,0,279
3,24,20,0,280
3,25,20,0,281
3,25,21,0,282
3,25,22,0,283
3,25,23,0,284
3,25,24,0,285
3,25,25,0,286
3,26,25,0,287
3,25,25,0,288
3,24,25,0,289
3,23,25,0,290
3,22,25,0,291
3,21,25,0,292
3,20,25,0,293
3,19,25,0,294
3,18,25,0,295
3,18,26,0,296
3,18,25,0,297
3,19,25,0,298
3,20,25,0,299
3,21,25,0,300
3,22,25,0,301
3,23,25,0,302
3,24,25,0,303
3,25,25,0,304
3,25,26,0,305
3,26,26,0,306
3,27,26,0,307
3,27,25,0,308
3,27,26,0,309
3,26,26,0,310
3,25,26,0,311
3,24,26,0,312
3,23,26,0,313
3,22,26,0,314
3,21,26,0,315
3,21,25,0,316
3,20,25,0,317
3,19,25,0,318
3,18,25,0,319
3,17,25,0,320
3,16,25,0,321
3,15,25,0,322
3,14,25,0,323
3,14,26,0,324
3,14,25,0,325
3,15,25,0,326
3,16,25,0,327
3,17,25,0,328
3,18,25,0,329
3,19,25,0,330
3,20,25,0,331
3,21,25,0,332
3,22,25,0,333
3,23,25,0,334
3,24,25,0,335
3,25,25,0,336
3,26,25,0,337
3,26,26,0,338
3,27,26,0,339
3,27,25,0,340
3,27,26,0,341
3,26,26,0,342
3,25,26,0,343
3,24,26,0,344
3,23,26,0,345
3,22,26,0,346
3,21,26,0,347
3,21,25,0,348
3,20,25,0,349
3,19,25,0,350
3,18,25,0,351
3,17,25,0,352
3,16,25,0,353
3,15,25,0,354
3,14,25,0,355
3,13,25,0,356
3,12,25,0,357
3,11,25,0,358
3,11,26,0,359
3,11,25,0,360
3,10,25,0,361
3,9,25,0,362
3,8,25,0,363
3,7,25,0,364
3,6,25,0,365
3,6,24,0,366
3,6,23,0,367
3,6,22,0,368
3,5,22,0,369
3,4,22,0,370
3,3,22,0,371
3,2,22,0,372
3,2,21,0,373
3,2,20,0,374
3,3,20,0,375
3,4,20,0,376
3,5,20,0,377
3,6,20,0,378
3,7,20,0,379
3,8,20,0,380
3,9,20,0,381
3,10,20,0,382
3,11,20,0,383
3,12,20,0,384
3,13,20,0,385
3,14,20,0,386
3,15,20,0,387
3,15,19,0,388
3,15,20,0,389
3,14,20,0,390
3,13,20,0,391
3,12,20,0,392
3,11,20,0,393
3,10,20,0,394
3,9,20,0,395
3,8,20,0,396
3,7,20,0,397
3,6,20,0,398
3,5,20,0,399
3,4,20,0,400
3,3,20,0,401
3,2,20,0,402
3,3,20,0,403
3,3,19,0,404
3,4,19,0,405
3,5,19,0,406
3,6,19,0,407
3,7,19,0,408
3,8,19,0,409
3,9,19,0,410
3,10,19,0,411
3,11,19,0,412
3,12,19,0,413
3,13,19,0,414
3,13,18,0,415
3,14,18,0,416
3,15,18,0,417
3,15,19,0,418
3,15,20,0,419
3,14,20,0,420
3,13,20,0,421
3,12,20,0,422
3,11,20,0,423
3,10,20,0,424
3,9,20,0,425
3,8,20,0,426
3,7,20,0,427
3,6,20,0,428
3,5,20,0,429
3,4,20,0,430
3,3,20,0,431
3,2,20,0,432
3,3,20,0,433
3,4,20,0,434
3,5,20,0,435
3,6,20,0,436
3,7,20,0,437
3,8,20,0,438
3,9,20,0,439
3,10,20,0,440
3,11,20,0,441
3,12,20,0,442
3,13,20,0,443
3,14,20,0,444
3,15,20,0,445
3,15,19,0,446
3,15,20,0,447
3,14,20,0,448
3,13,20,0,449
3,12,20,0,450
3,11,20,0,451
3,10,20,0,452
3,9,20,0,453
3,8,20,0,454
3,7,20,0,455
3,6,20,0,456
3,5,20,0,457
3,4,20,0,458
3,3,20,0,459
3,2,20,0,460
3,3,20,0,461
3,4,20,0,462
3,5,20,0,463
3,6,20,0,464
3,7,20,0,465
3,8,20,0,466
3,9,20,0,467
3,10,20,0,468
3,11,20,0,469
3,12,20,0,470
3,13,20,0,471
3,14,20,0,472
3,15,20,0,473
3,16,20,0,474
3,17,20,0,475
3,18,20,0,476
3,18,19,0,477
3,18,20,0,478
3,17,20,0,479
4,18,12,0,0
4,18,12,0,0
4,18,12,0,1
4,18,12,0,2
4,18,12,0,3
4,18,12,0,4
4,18,12,0,5
4,19,12,0,6
4,20,12,0,7
4,21,12,0,8
4,22,12,0,9
4,23,12,0,10
4,24,12,0,11
4,25,12,0,12
4,25,13,0,13
4,25,14,0,14
4,25,15,0,15
4,25,16,0,16
4,25,17,0,17
4,25,18,0,18
4,25,19,0,19
4,25,20,0,20
4,25,21,0,21
4,25,22,0,22
4,25,23,0,23
4,25,24,0,24
4,25,25,0,25
4,26,25,0,26
4,26,26,0,27
4,27,26,0,28
4,27,25,0,29
4,27,26,0,30
4,26,26,0,31
4,25,26,0,32
4,24,26,0,33
4,23,26,0,34
4,22,26,0,35
4,21,26,0,36
4,21,25,0,37
4,20,25,0,38
4,19,25,0,39
4,18,25,0,40
4,17,25,0,41
4,16,25,0,42
4,15,25,0,43
4,14,25,0,44
4,13,25,0,45
4,13,24,0,46
4,13,23,0,47
4,13,22,0,48
4,13,21,0,49
4,13,20,0,50
4,13,19,0,51
4,13,18,0,52
4,13,17,0,53
4,13,16,0,54
4,13,15,0,55
4,13,14,0,56
4,13,13,0,57
4,13,12,0,58
4,13,13,0,59
4,12,13,0,60
4,11,13,0,61
4,10,13,0,62
4,9,13,0,63
4,8,13,0,64
4,7,13,0,65
4,6,13,0,66
4,6,14,0,67
4,6,15,0,68
4,6,16,0,69
4,6,17,0,70
4,5,17,0,71
4,4,17,0,72
4,3,17,0,73
4,2,17,0,74
4,2,18,0,75
4,2,19,0,76
4,2,20,0,77
4,3,20,0,78
4,4,20,0,79
4,5,20,0,80
4,6,20,0,81
4,7,20,0,82
4,7,21,0,83
4,7,22,0,84
4,7,23,0,85
4,8,23,0,86
4,9,23,0,87
4,10,23,0,88
4,11,23,0,89
4,12,23,0,90
4,13,23,0,91
4,14,23,0,92
4,15,23,0,93
4,15,24,0,94
4,15,25,0,95
4,15,26,0,96
4,15,27,0,97
4,16,27,0,98
4,17,27,0,99
4,18,27,0,100
4,19,27,0,101
4,20,27,0,102
4,21,27,0,103
4,22,27,0,104
4,23,27,0,105
4,24,27,0,106
4,25,27,0,107
4,26,27,0,108
4,27,27,0,109
4,27,26,0,110
4,27,25,0,111
4,27,26,0,112
4,26,26,0,113
4,25,26,0,114
4,24,26,0,115
4,23,26,0,116
4,22,26,0,117
4,21,26,0,118
4,21,27,0,119
4,20,27,0,120
4,19,27,0,121
4,18,27,0,122
4,17,27,0,123
4,16,27,0,124
4,15,27,0,125
4,14,27,0,126
4,14,26,0,127
4,14,27,0,128
4,15,27,0,129
4,16,27,0,130
4,17,27,0,131
4,18,27,0,132
4,19,27,0,133
4,20,27,0,134
4,21,27,0,135
4,22,27,0,136
4,23,27,0,137
4,24,27,0,138
4,25,27,0,139
4,26,27,0,140
4,27,27,0,141
4,27,26,0,142
4,27,25,0,143
4,27,26,0,144
4,26,26,0,145
4,25,26,0,146
4,24,26,0,147
4,23,26,0,148
4,22,26,0,149
4,21,26,0,150
4,21,25,0,151
4,20,25,0,152
4,19,25,0,153
4,19,24,0,154
4,19,23,0,155
4,19,22,0,156
4,19,21,0,157
4,19,20,0,158
4,19,19,0,159
4,19,20,0,160
4,20,20,0,161
4,21,20,0,162
4,22,20,0,163
4,23,20,0,164
4,24,20,0,165
4,25,20,0,166
4,25,21,0,167
4,25,22,0,168
4,25,23,0,169
4,25,24,0,170
4,25,25,0,171
4,26,25,0,172
4,26,26,0,173
4,25,26,0,174
4,24,26,0,175
4,23,26,0,176
4,22,26,0,177
4,21,26,0,178
4,21,25,0,179
4,20,25,0,180
4,19,25,0,181
4,18,25,0,182
4,17,25,0,183
4,16,25,0,184
4,16,24,0,185
4,16,23,0,186
4,16,22,0,187
4,16,21,0,188
4,16,20,0,189
4,16,19,0,190
4,16,20,0,191
4,17,20,0,192
4,18,20,0,193
4,19,20,0,194
4,20,20,0,195
4,21,20,0,196
4,22,20,0,197
4,23,20,0,198
4,24,20,0,199
4,25,20,0,200
4,25,21,0,201
4,25,22,0,202
4,25,23,0,203
4,25,24,0,204
4,25,25,0,205
4,26,25,0,206
4,26,26,0,207
4,27,26,0,208
4,27,25,0,209
4,27,26,0,210
4,26,26,0,211
4,25,26,0,212
4,24,26,0,213
4,23,26,0,214
4,22,26,0,215
4,21,26,0,216
4,21,25,0,217
4,20,25,0,218
4,19,25,0,219
4,18,25,0,220
4,17,25,0,221
4,17,26,0,222
4,17,25,0,223
4,18,25,0,224
4,19,25,0,225
4,20,25,0,226
4,21,25,0,227
4,22,25,0,228
4,23,25,0,229
4,24,25,0,230
4,25,25,0,231
4,26,25,0,232
4,26,26,0,233
4,27,26,0,234
4,27,25,0,235
4,27,26,0,236
4,26,26,0,237
4,25,26,0,238
4,24,26,0,239
4,23,26,0,240
4,22,26,0,241
4,21,26,0,242
4,21,25,0,243
4,20,25,0,244
4,19,25,0,245
4,18,25,0,246
4,18,26,0,247
4,18,25,0,248
4,19,25,0,249
4,20,25,0,250
4,21,25,0,251
4,22,25,0,252
4,23,25,0,253
4,24,25,0,254
4,25,25,0,255
4,26,25,0,256
4,26,26,0,257
4,27,26,0,258
4,27,25,0,259
4,27,26,0,260
4,26,26,0,261
4,25,26,0,262
4,24,26,0,263
4,23,26,0,264
4,22,26,0,265
4,21,26,0,266
4,21,25,0,267
4,20,25,0,268
4,19,25,0,269
4,18,25,0,270
4,18,26,0,271
4,18,25,0,272
4,19,25,0,273
4,20,25,0,274
4,21,25,0,275
4,22,25,0,276
4,23,25,0,277
4,24,25,0,278
4,25,25,0,279
4,26,25,0,280
4,25,25,0,281
4,24,25,0,282
4,23,25,0,283
4,22,25,0,284
4,21,25,0,285
4,20,25,0,286
4,19,25,0,287
4,18,25,0,288
4,18,26,0,289
4,18,25,0,290
4,19,25,0,291
4,20,25,0,292
4,20,24,0,293
4,21,24,0,294
4,22,24,0,295
4,23,24,0,296
4,24,24,0,297
4,25,24,0,298
4,25,25,0,299
4,26,25,0,300
4,25,25,0,301
4,24,25,0,302
4,24,24,0,303
4,23,24,0,304
4,22,24,0,305
4,21,24,0,306
4,20,24,0,307
4,19,24,0,308
4,19,23,0,309
4,19,22,0,310
4,19,21,0,311
4,19,20,0,312
4,19,19,0,313
4,19,20,0,314
4,20,20,0,315
4,21,20,0,316
4,22,20,0,317
4,23,20,0,318
4,24,20,0,319
4,25,20,0,320
4,25,21,0,321
4,25,22,0,322
4,25,23,0,323
4,25,24,0,324
4,25,25,0,325
4,26,25,0,326
4,26,26,0,327
4,27,26,0,328
4,27,25,0,329
4,27,26,0,330
4,26,26,0,331
4,25,26,0,332
4,24,26,0,333
4,23,26,0,334
4,22,26,0,335
4,21,26,0,336
4,21,25,0,337
4,20,25,0,338
4,19,25,0,339
4,18,25,0,340
4,17,25,0,341
4,16,25,0,342
4,15,25,0,343
4,15,24,0,344
4,15,23,0,345
4,15,22,0,346
4,15,21,0,347
4,15,20,0,348
4,15,19,0,349
4,15,20,0,350
4,14,20,0,351
4,13,20,0,352
4,12,20,0,353
4,11,20,0,354
4,10,20,0,355
4,9,20,0,356
4,8,20,0,357
4,7,20,0,358
4,6,20,0,359
4,6,21,0,360
4,6,22,0,361
4,6,23,0,362
4,6,24,0,363
4,6,25,0,364
4,5,25,0,365
4,4,25,0,366
4,3,25,0,367
4,2,25,0,368
4,2,26,0,369
4,3,26,0,370
4,4,26,0,371
4,5,26,0,372
4,6,26,0,373
4,7,26,0,374
4,8,26,0,375
4,9,26,0,376
4,9,25,0,377
4,10,25,0,378
4,11,25,0,379
4,12,25,0,380
4,13,25,0,381
4,14,25,0,382
4,15,25,0,383
4,16,25,0,384
4,16,24,0,385
4,16,23,0,386
4,16,22,0,387
4,16,21,0,388
4,16,20,0,389
4,16,19,0,390
4,16,20,0,391
4,15,20,0,392
4,14,20,0,393
4,13,20,0,394
4,12,20,0,395
4,11,20,0,396
4,10,20,0,397
4,9,20,0,398
4,8,20,0,399
4,7,20,0,400
4,6,20,0,401
4,5,20,0,402
4,4,20,0,403
4,3,20,0,404
4,2,20,0,405
4,3,20,0,406
4,4,20,0,407
4,5,20,0,408
4,6,20,0,409
4,7,20,0,410
4,8,20,0,411
4,9,20,0,412
4,10,20,0,413
4,11,20,0,414
4,11,21,0,415
4,11,22,0,416
4,11,23,0,417
4,11,24,0,418
4,11,25,0,419
4,11,26,0,420
4,11,25,0,421
4,10,25,0,422
4,9,25,0,423
4,8,25,0,424
4,7,25,0,425
4,6,25,0,426
4,5,25,0,427
4,4,25,0,428
4,3,25,0,429
4,2,25,0,430
4,2,26,0,431
4,3,26,0,432
4,4,26,0,433
4,5,26,0,434
4,6,26,0,435
4,7,26,0,436
4,8,26,0,437
4,9,26,0,438
4,9,25,0,439
4,10,25,0,440
4,11,25,0,441
4,12,25,0,442
4,13,25,0,443
4,14,25,0,444
4,14,26,0,445
4,14,25,0,446
4,13,25,0,447
4,12,25,0,448
4,11,25,0,449
4,10,25,0,450
4,9,25,0,451
4,8,25,0,452
4,7,25,0,453
4,6,25,0,454
4,5,25,0,455
4,4,25,0,456
4,3,25,0,457
4,2,25,0,458
4,2,26,0,459
4,3,26,0,460
4,4,26,0,461
4,5,26,0,462
4,6,26,0,463
4,7,26,0,464
4,8,26,0,465
4,9,26,0,466
4,9,25,0,467
4,10,25,0,468
4,11,25,0,469
4,12,25,0,470
4,13,25,0,471
4,14,25,0,472
4,15,25,0,473
4,16,25,0,474
4,17,25,0,475
4,17,26,0,476
4,17,25,0,477
4,18,25,0,478
4,19,25,0,479
5,19,15,0,0
5,19,15,0,0
5,19,15,0,1
5,19,15,0,2
5,19,15,0,3
5,19,15,0,4
5,19,15,0,5
5,20,15,0,6
5,21,15,0,7
5,22,15,0,8
5,23,15,0,9
5,24,15,0,10
5,25,15,0,11
5,25,16,0,12
5,25,17,0,13
5,25,18,0,14
5,25,19,0,15
5,25,20,0,16
5,25,21,0,17
5,25,22,0,18
5,25,23,0,19
5,25,24,0,20
5,25,25,0,21
5,26,25,0,22
5,25,25,0,23
5,24,25,0,24
5,23,25,0,25
5,22,25,0,26
5,21,25,0,27
5,20,25,0,28
5,19,25,0,29
5,19,26,0,30
5,19,25,0,31
5,18,25,0,32
5,17,25,0,33
5,16,25,0,34
5,15,25,0,35
5,14,25,0,36
5,13,25,0,37
5,12,25,0,38
5,11,25,0,39
5,10,25,0,40
5,9,25,0,41
5,8,25,0,42
5,7,25,0,43
5,6,25,0,44
5,5,25,0,45
5,4,25,0,46
5,3,25,0,47
5,2,25,0,48
5,2,26,0,49
5,3,26,0,50
5,4,26,0,51
5,5,26,0,52
5,6,26,0,53
5,7,26,0,54
5,8,26,0,55
5,9,26,0,56
5,9,25,0,57
5,10,25,0,58
5,11,25,0,59
5,12,25,0,60
5,13,25,0,61
5,14,25,0,62
5,15,25,0,63
5,15,26,0,64
5,15,25,0,65
5,14,25,0,66
5,13,25,0,67
5,12,25,0,68
5,11,25,0,69
5,10,25,0,70
5,9,25,0,71
5,8,25,0,72
5,7,25,0,73
5,6,25,0,74
5,5,25,0,75
5,4,25,0,76
5,3,25,0,77
5,2,25,0,78
5,2,26,0,79
5,3,26,0,80
5,4,26,0,81
5,5,26,0,82
5,6,26,0,83
5,7,26,0,84
5,8,26,0,85
5,9,26,0,86
5,9,25,0,87
5,10,25,0,88
5,11,25,0,89
5,12,25,0,90
5,13,25,0,91
5,13,26,0,92
5,13,25,0,93
5,12,25,0,94
5,11,25,0,95
5,10,25,0,96
5,9,25,0,97
5,8,25,0,98
5,7,25,0,99
5,6,25,0,100
5,5,25,0,101
5,4,25,0,102
5,3,25,0,103
5,2,25,0,104
5,2,26,0,105
5,3,26,0,106
5,4,26,0,107
5,5,26,0,108
5,6,26,0,109
5,7,26,0,110
5,8,26,0,111
5,9,26,0,112
5,9,25,0,113
5,10,25,0,114
5,11,25,0,115
5,12,25,0,116
5,13,25,0,117
5,14,25,0,118
5,15,25,0,119
5,16,25,0,120
5,17,25,0,121
5,18,25,0,122
5,18,26,0,123
5,18,25,0,124
5,17,25,0,125
5,16,25,0,126
5,15,25,0,127
5,14,25,0,128
5,13,25,0,129
5,12,25,0,130
5,11,25,0,131
5,10,25,0,132
5,9,25,0,133
5,8,25,0,134
5,7,25,0,135
5,6,25,0,136
5,6,24,0,137
5,6,23,0,138
5,6,22,0,139
5,5,22,0,140
5,4,22,0,141
5,3,22,0,142
5,2,22,0,143
5,2,21,0,144
5,2,20,0,145
5,3,20,0,146
5,4,20,0,147
5,5,20,0,148
5,6,20,0,149
5,7,20,0,150
5,8,20,0,151
5,9,20,0,152
5,10,20,0,153
5,11,20,0,154
5,11,19,0,155
5,11,18,0,156
5,11,17,0,157
5,11,16,0,158
5,11,15,0,159
5,11,14,0,160
5,11,13,0,161
5,11,12,0,162
5,11,11,0,163
5,10,11,0,164
5,9,11,0,165
5,8,11,0,166
5,7,11,0,167
5,6,11,0,168
5,5,11,0,169
5,4,11,0,170
5,3,11,0,171
5,2,11,0,172
5,2,12,0,173
5,3,12,0,174
5,4,12,0,175
5,5,12,0,176
5,6,12,0,177
5,7,12,0,178
5,8,12,0,179
5,9,12,0,180
5,9,11,0,181
5,10,11,0,182
5,11,11,0,183
5,12,11,0,184
5,13,11,0,185
5,14,11,0,186
5,14,12,0,187
5,14,11,0,188
5,13,11,0,189
5,12,11,0,190
5,11,11,0,191
5,10,11,0,192
5,9,11,0,193
5,8,11,0,194
5,7,11,0,195
5,6,11,0,196
5,5,11,0,197
5,4,11,0,198
5,3,11,0,199
5,2,11,0,200
5,2,12,0,201
5,3,12,0,202
5,4,12,0,203
5,5,12,0,204
5,6,12,0,205
5,7,12,0,206
5,8,12,0,207
5,9,12,0,208
5,9,11,0,209
5,10,11,0,210
5,11,11,0,211
5,12,11,0,212
5,13,11,0,213
5,14,11,0,214
5,15,11,0,215
5,16,11,0,216
5,16,10,0,217
5,16,9,0,218
5,16,8,0,219
5,16,7,0,220
5,16,6,0,221
5,16,5,0,222
5,16,6,0,223
5,15,6,0,224
5,14,6,0,225
5,13,6,0,226
5,12,6,0,227
5,11,6,0,228
5,10,6,0,229
5,9,6,0,230
5,8,6,0,231
5,7,6,0,232
5,6,6,0,233
5,6,7,0,234
5,6,8,0,235
5,6,9,0,236
5,5,9,0,237
5,4,9,0,238
5,3,9,0,239
5,2,9,0,240
5,2,10,0,241
5,2,11,0,242
5,2,12,0,243
5,3,12,0,244
5,4,12,0,245
5,5,12,0,246
5,6,12,0,247
5,7,12,0,248
5,8,12,0,249
5,9,12,0,250
5,9,11,0,251
5,10,11,0,252
5,11,11,0,253
5,12,11,0,254
5,13,11,0,255
5,14,11,0,256
5,15,11,0,257
5,16,11,0,258
5,17,11,0,259
5,17,10,0,260
5,17,9,0,261
5,17,8,0,262
5,17,7,0,263
5,17,6,0,264
5,17,5,0,265
5,17,6,0,266
5,16,6,0,267
5,15,6,0,268
5,14,6,0,269
5,13,6,0,270
5,12,6,0,271
5,11,6,0,272
5,10,6,0,273
5,9,6,0,274
5,8,6,0,275
5,7,6,0,276
5,6,6,0,277
5,6,7,0,278
5,6,8,0,279
5,6,9,0,280
5,5,9,0,281
5,4,9,0,282
5,3,9,0,283
5,2,9,0,284
5,2,10,0,285
5,2,11,0,286
5,2,12,0,287
5,3,12,0,288
5,4,12,0,289
5,5,12,0,290
5,6,12,0,291
5,7,12,0,292
5,7,11,0,293
5,7,10,0,294
5,7,9,0,295
5,7,8,0,296
5,7,7,0,297
5,8,7,0,298
5,9,7,0,299
5,9,6,0,300
5,9,5,0,301
5,9,4,0,302
5,9,3,0,303
5,10,3,0,304
5,11,3,0,305
5,12,3,0,306
5,13,3,0,307
5,14,3,0,308
5,15,3,0,309
5,15,4,0,310
5,15,3,0,311
5,15,2,0,312
5,16,2,0,313
5,17,2,0,314
5,18,2,0,315
5,19,2,0,316
5,20,2,0,317
5,21,2,0,318
5,22,2,0,319
5,23,2,0,320
5,24,2,0,321
5,25,2,0,322
5,26,2,0,323
5,27,2,0,324
5,27,3,0,325
5,27,4,0,326
5,27,3,0,327
5,26,3,0,328
5,25,3,0,329
5,24,3,0,330
5,23,3,0,331
5,22,3,0,332
5,21,3,0,333
5,21,4,0,334
5,21,5,0,335
5,21,6,0,336
5,20,6,0,337
5,19,6,0,338
5,18,6,0,339
5,17,6,0,340
5,16,6,0,341
5,15,6,0,342
5,14,6,0,343
5,14,5,0,344
5,14,5,0,345
5,14,6,0,346
5,15,6,0,347
5,16,6,0,348
5,17,6,0,349
5,18,6,0,350
5,19,6,0,351
5,20,6,0,352
5,21,6,0,353
5,22,6,0,354
5,23,6,0,355
5,24,6,0,356
5,25,6,0,357
5,25,5,0,358
5,26,5,0,359
5,26,4,0,360
5,25,4,0,361
5,24,4,0,362
5,23,4,0,363
5,22,4,0,364
5,21,4,0,365
5,21,5,0,366
5,21,6,0,367
5,20,6,0,368
5,19,6,0,369
5,18,6,0,370
5,17,6,0,371
5,16,6,0,372
5,15,6,0,373
5,14,6,0,374
5,14,5,0,375
5,14,6,0,376
5,13,6,0,377
5,12,6,0,378
5,11,6,0,379
5,10,6,0,380
5,9,6,0,381
5,8,6,0,382
5,7,6,0,383
5,6,6,0,384
5,5,6,0,385
5,4,6,0,386
5,3,6,0,387
5,2,6,0,388
5,2,5,0,389
5,2,4,0,390
5,3,4,0,391
5,4,4,0,392
5,5,4,0,393
5,6,4,0,394
5,7,4,0,395
5,8,4,0,396
5,9,4,0,397
5,9,5,0,398
5,9,6,0,399
5,10,6,0,400
5,11,6,0,401
5,12,6,0,402
5,13,6,0,403
5,13,7,0,404
5,13,8,0,405
5,13,9,0,406
5,13,10,0,407
5,13,11,0,408
5,13,12,0,409
5,13,11,0,410
5,12,11,0,411
5,11,11,0,412
5,10,11,0,413
5,9,11,0,414
5,8,11,0,415
5,7,11,0,416
5,6,11,0,417
5,5,11,0,418
5,4,11,0,419
5,3,11,0,420
5,2,11,0,421
5,2,12,0,422
5,3,12,0,423
5,4,12,0,424
5,5,12,0,425
5,6,12,0,426
5,7,12,0,427
5,8,12,0,428
5,9,12,0,429
5,9,11,0,430
5,10,11,0,431
5,11,11,0,432
5,12,11,0,433
5,13,11,0,434
5,14,11,0,435
5,14,12,0,436
5,14,11,0,437
5,13,11,0,438
5,12,11,0,439
5,11,11,0,440
5,10,11,0,441
5,9,11,0,442
5,8,11,0,443
5,7,11,0,444
5,6,11,0,445
5,5,11,0,446
5,4,11,0,447
5,3,11,0,448
5,2,11,0,449
5,2,12,0,450
5,3,12,0,451
5,4,12,0,452
5,5,12,0,453
5,6,12,0,454
5,7,12,0,455
5,8,12,0,456
5,9,12,0,457
5,9,11,0,458
5,10,11,0,459
5,11,11,0,460
5,12,11,0,461
5,13,11,0,462
5,14,11,0,463
5,15,11,0,464
5,15,12,0,465
5,15,11,0,466
5,14,11,0,467
5,13,11,0,468
5,12,11,0,469
5,11,11,0,470
5,10,11,0,471
5,9,11,0,472
5,8,11,0,473
5,7,11,0,474
5,6,11,0,475
5,5,11,0,476
5,4,11,0,477
5,3,11,0,478
5,2,11,0,479
6,19,8,0,0
6,19,8,0,0
6,19,8,0,1
6,19,8,0,2
6,19,8,0,3
6,19,8,0,4
6,19,8,0,5
6,20,8,0,6
6,20,7,0,7
6,21,7,0,8
6,22,7,0,9
6,23,7,0,10
6,24,7,0,11
6,25,7,0,12
6,25,6,0,13
6,25,5,0,14
6,26,5,0,15
6,26,4,0,16
6,26,3,0,17
6,27,3,0,18
6,27,4,0,19
6,27,3,0,20
6,26,3,0,21
6,25,3,0,22
6,24,3,0,23
6,23,3,0,24
6,22,3,0,25
6,21,3,0,26
6,21,4,0,27
6,21,5,0,28
6,21,6,0,29
6,20,6,0,30
6,19,6,0,31
6,18,6,0,32
6,17,6,0,33
6,16,6,0,34
6,16,7,0,35
6,16,8,0,36
6,16,9,0,37
6,16,10,0,38
6,16,11,0,39
6,16,12,0,40
6,16,11,0,41
6,15,11,0,42
6,14,11,0,43
6,13,11,0,44
6,12,11,0,45
6,11,11,0,46
6,10,11,0,47
6,9,11,0,48
6,8,11,0,49
6,7,11,0,50
6,6,11,0,51
6,6,10,0,52
6,6,9,0,53
6,6,8,0,54
6,6,7,0,55
6,6,6,0,56
6,5,6,0,57
6,4,6,0,58
6,3,6,0,59
6,2,6,0,60
6,2,5,0,61
6,2,4,0,62
6,3,4,0,63
6,4,4,0,64
6,5,4,0,65
6,6,4,0,66
6,7,4,0,67
6,8,4,0,68
6,9,4,0,69
6,9,3,0,70
6,10,3,0,71
6,11,3,0,72
6,12,3,0,73
6,13,3,0,74
6,14,3,0,75
6,15,3,0,76
6,16,3,0,77
6,17,3,0,78
6,18,3,0,79
6,19,3,0,80
6,19,4,0,81
6,19,3,0,82
6,20,3,0,83
6,21,3,0,84
6,22,3,0,85
6,23,3,0,86
6,24,3,0,87
6,25,3,0,88
6,26,3,0,89
6,27,3,0,90
6,27,4,0,91
6,27,3,0,92
6,26,3,0,93
6,25,3,0,94
6,24,3,0,95
6,23,3,0,96
6,22,3,0,97
6,21,3,0,98
6,21,4,0,99
6,21,5,0,100
6,21,6,0,101
6,20,6,0,102
6,19,6,0,103
6,18,6,0,104
6,17,6,0,105
6,16,6,0,106
6,15,6,0,107
6,15,5,0,108
6,15,6,0,109
6,16,6,0,110
6,17,6,0,111
6,18,6,0,112
6,19,6,0,113
6,20,6,0,114
6,21,6,0,115
6,22,6,0,116
6,23,6,0,117
6,24,6,0,118
6,25,6,0,119
6,25,5,0,120
6,26,5,0,121
6,26,4,0,122
6,26,3,0,123
6,27,3,0,124
6,27,4,0,125
6,27,3,0,126
6,26,3,0,127
6,25,3,0,128
6,24,3,0,129
6,23,3,0,130
6,22,3,0,131
6,21,3,0,132
6,21,4,0,133
6,21,5,0,134
6,21,6,0,135
6,20,6,0,136
6,19,6,0,137
6,18,6,0,138
6,18,5,0,139
6,18,6,0,140
6,19,6,0,141
6,20,6,0,142
6,21,6,0,143
6,22,6,0,144
6,23,6,0,145
6,24,6,0,146
6,25,6,0,147
6,25,5,0,148
6,26,5,0,149
6,26,4,0,150
6,25,4,0,151
6,24,4,0,152
6,23,4,0,153
6,22,4,0,154
6,21,4,0,155
6,21,3,0,156
6,20,3,0,157
6,19,3,0,158
6,18,3,0,159
6,17,3,0,160
6,16,3,0,161
6,15,3,0,162
6,14,3,0,163
6,13,3,0,164
6,13,4,0,165
6,13,3,0,166
6,14,3,0,167
6,15,3,0,168
6,16,3,0,169
6,17,3,0,170
6,18,3,0,171
6,19,3,0,172
6,20,3,0,173
6,21,3,0,174
6,22,3,0,175
6,23,3,0,176
6,24,3,0,177
6,25,3,0,178
6,26,3,0,179
6,27,3,0,180
6,27,4,0,181
6,27,3,0,182
6,26,3,0,183
6,25,3,0,184
6,24,3,0,185
6,24,4,0,186
6,23,4,0,187
6,22,4,0,188
6,21,4,0,189
6,21,5,0,190
6,21,6,0,191
6,20,6,0,192
6,19,6,0,193
6,18,6,0,194
6,17,6,0,195
6,16,6,0,196
6,15,6,0,197
6,14,6,0,198
6,13,6,0,199
6,12,6,0,200
6,11,6,0,201
6,11,5,0,202
6,11,6,0,203
6,10,6,0,204
6,9,6,0,205
6,8,6,0,206
6,7,6,0,207
6,6,6,0,208
6,6,7,0,209
6,6,8,0,210
6,6,9,0,211
6,6,10,0,212
6,6,11,0,213
6,6,12,0,214
6,6,13,0,215
6,6,14,0,216
6,6,15,0,217
6,6,16,0,218
6,6,17,0,219
6,6,18,0,220
6,6,19,0,221
6,6,20,0,222
6,6,21,0,223
6,6,22,0,224
6,6,23,0,225
6,6,24,0,226
6,6,25,0,227
6,5,25,0,228
6,4,25,0,229
6,3,25,0,230
6,2,25,0,231
6,2,26,0,232
6,3,26,0,233
6,4,26,0,234
6,5,26,0,235
6,6,26,0,236
6,7,26,0,237
6,7,25,0,238
6,7,24,0,239
6,7,23,0,240
6,7,22,0,241
6,7,21,0,242
6,7,20,0,243
6,7,19,0,244
6,7,18,0,245
6,7,17,0,246
6,7,16,0,247
6,7,15,0,248
6,7,14,0,249
6,7,13,0,250
6,7,12,0,251
6,7,11,0,252
6,7,10,0,253
6,7,9,0,254
6,7,8,0,255
6,7,7,0,256
6,8,7,0,257
6,9,7,0,258
6,9,6,0,259
6,9,5,0,260
6,9,4,0,261
6,9,3,0,262
6,10,3,0,263
6,11,3,0,264
6,12,3,0,265
6,13,3,0,266
6,14,3,0,267
6,13,3,0,268
6,14,3,0,269
6,15,3,0,270
6,16,3,0,271
6,17,3,0,272
6,18,3,0,273
6,18,4,0,274
6,18,3,0,275
6,17,3,0,276
6,16,3,0,277
6,15,3,0,278
6,14,3,0,279
6,13,3,0,280
6,12,3,0,281
6,11,3,0,282
6,10,3,0,283
6,9,3,0,284
6,8,3,0,285
6,7,3,0,286
6,6,3,0,287
6,5,3,0,288
6,4,3,0,289
6,3,3,0,290
6,2,3,0,291
6,2,4,0,292
6,3,4,0,293
6,4,4,0,294
6,5,4,0,295
6,6,4,0,296
6,7,4,0,297
6,8,4,0,298
6,8,5,0,299
6,8,6,0,300
6,9,6,0,301
6,10,6,0,302
6,11,6,0,303
6,12,6,0,304
6,13,6,0,305
6,14,6,0,306
6,15,6,0,307
6,16,6,0,308
6,16,5,0,309
6,16,6,0,310
6,15,6,0,311
6,14,6,0,312
6,13,6,0,313
6,12,6,0,314
6,11,6,0,315
6,10,6,0,316
6,9,6,0,317
6,8,6,0,318
6,7,6,0,319
6,6,6,0,320
6,5,6,0,321
6,4,6,0,322
6,3,6,0,323
6,2,6,0,324
6,2,5,0,325
6,2,4,0,326
6,3,4,0,327
6,4,4,0,328
6,5,4,0,329
6,6,4,0,330
6,7,4,0,331
6,8,4,0,332
6,9,4,0,333
6,9,3,0,334
6,10,3,0,335
6,11,3,0,336
6,12,3,0,337
6,13,3,0,338
6,14,3,0,339
6,14,4,0,340
6,14,3,0,341
6,13,3,0,342
6,12,3,0,343
6,11,3,0,344
6,10,3,0,345
6,9,3,0,346
6,8,3,0,347
6,7,3,0,348
6,6,3,0,349
6,5,3,0,350
6,4,3,0,351
6,3,3,0,352
6,2,3,0,353
6,2,4,0,354
6,3,4,0,355
6,4,4,0,356
6,5,4,0,357
6,6,4,0,358
6,7,4,0,359
6,8,4,0,360
6,9,4,0,361
6,9,3,0,362
6,10,3,0,363
6,11,3,0,364
6,12,3,0,365
6,13,3,0,366
6,14,3,0,367
6,15,3,0,368
6,16,3,0,369
6,17,3,0,370
6,17,4,0,371
6,17,3,0,372
6,16,3,0,373
6,15,3,0,374
6,14,3,0,375
6,13,3,0,376
6,12,3,0,377
6,11,3,0,378
6,10,3,0,379
6,9,3,0,380
6,8,3,0,381
6,7,3,0,382
6,6,3,0,383
6,5,3,0,384
6,4,3,0,385
6,3,3,0,386
6,2,3,0,387
6,2,4,0,388
6,3,4,0,389
6,4,4,0,390
6,5,4,0,391
6,6,4,0,392
6,7,4,0,393
6,8,4,0,394
6,9,4,0,395
6,9,5,0,396
6,9,6,0,397
6,10,6,0,398
6,11,6,0,399
6,12,6,0,400
6,13,6,0,401
6,14,6,0,402
6,15,6,0,403
6,16,6,0,404
6,17,6,0,405
6,17,5,0,406
6,17,6,0,407
6,16,6,0,408
6,15,6,0,409
6,14,6,0,410
6,13,6,0,411
6,12,6,0,412
6,11,6,0,413
6,10,6,0,414
6,9,6,0,415
6,8,6,0,416
6,7,6,0,417
6,6,6,0,418
6,5,6,0,419
6,4,6,0,420
6,3,6,0,421
6,2,6,0,422
6,2,5,0,423
6,2,4,0,424
6,3,4,0,425
6,4,4,0,426
6,5,4,0,427
6,6,4,0,428
6,7,4,0,429
6,8,4,0,430
6,9,4,0,431
6,9,5,0,432
6,9,6,0,433
6,10,6,0,434
6,11,6,0,435
6,12,6,0,436
6,12,7,0,437
6,12,8,0,438
6,12,9,0,439
6,12,10,0,440
6,12,11,0,441
6,12,12,0,442
6,12,11,0,443
6,11,11,0,444
6,10,11,0,445
6,9,11,0,446
6,8,11,0,447
6,7,11,0,448
6,6,11,0,449
6,5,11,0,450
6,4,11,0,451
6,3,11,0,452
6,2,11,0,453
6,2,12,0,454
6,3,12,0,455
6,4,12,0,456
6,5,12,0,457
6,6,12,0,458
6,7,12,0,459
6,8,12,0,460
6,9,12,0,461
6,9,11,0,462
6,10,11,0,463
6,11,11,0,464
6,12,11,0,465
6,12,10,0,466
6,12,9,0,467
6,12,8,0,468
6,12,7,0,469
6,12,6,0,470
6,12,5,0,471
6,12,6,0,472
6,11,6,0,473
6,10,6,0,474
6,9,6,0,475
6,8,6,0,476
6,7,6,0,477
6,6,6,0,478
6,5,6,0,479
